[
  {
    "name": "Body",
    "parent": "",
    "centerX": "0.0",
    "centerY": "1.0",
    "centerZ": "-0.0"
  },
  {
    "name": "ArmRight01",
    "parent": "Body",
    "centerX": "-0.48",
    "centerY": "1.3",
    "centerZ": "0.7"
  },
  {
    "name": "ArmRight02",
    "parent": "ArmRight01",
    "centerX": "-3.0",
    "centerY": "1.6",
    "centerZ": "0.2"
  },
  {
    "name": "LegRight",
    "parent": "Body",
    "centerX": "-0.38",
    "centerY": "1.0",
    "centerZ": "-1.2"
  },
  {
    "name": "Tail01",
    "parent": "Body",
    "centerX": "0.0",
    "centerY": "0.8",
    "centerZ": "-1.2"
  },
  {
    "name": "Tail02",
    "parent": "Tail01",
    "centerX": "0.0",
    "centerY": "0.7",
    "centerZ": "-3.0"
  },
  {
    "name": "LegLeft",
    "parent": "Body",
    "centerX": "0.38",
    "centerY": "1.0",
    "centerZ": "-1.2"
  },
  {
    "name": "Neck",
    "parent": "Body",
    "centerX": "0.0",
    "centerY": "1.4",
    "centerZ": "0.5"
  },
  {
    "name": "Head",
    "parent": "Neck",
    "centerX": "0.0",
    "centerY": "1.2",
    "centerZ": "1.8"
  },
  {
    "name": "Mouth",
    "parent": "Head",
    "centerX": "0.0",
    "centerY": "1.58",
    "centerZ": "2.6"
  },
  {
    "name": "ArmLeft01",
    "parent": "Body",
    "centerX": "0.48",
    "centerY": "1.3",
    "centerZ": "0.7"
  },
  {
    "name": "ArmLeft02",
    "parent": "ArmLeft01",
    "centerX": "3.0",
    "centerY": "1.6",
    "centerZ": "0.2"
  }
]