{
"forge_marker": 1,
    "variants":{
        "facing=north":{
            "model":"storagenetwork:controller",
            "x":90,
            "y":180
        },
        "facing=south":{
            "model":"storagenetwork:controller",
            "x":90
        },
        "facing=west":{
            "model":"storagenetwork:controller",
            "x":90,
            "y":90
        },
        "facing=east":{
            "model":"storagenetwork:controller",
            "x":90,
            "y":270
        },
        "facing=down":{
            "model":"storagenetwork:controller"
        },
        "facing=up":{
            "model":"storagenetwork:controller",
            "x":180
        },
		"inventory": {
			"model": "storagenetwork:controller",
			"transform": "forge:default-block"
		}
    }
}