{
"forge_marker": 1,
    "variants":{
        "facing=north":{
            "model":"storagenetwork:request",
            "x":90,
            "y":180
        },
        "facing=south":{
            "model":"storagenetwork:request",
            "x":90
        },
        "facing=west":{
            "model":"storagenetwork:request",
            "x":90,
            "y":90
        },
        "facing=east":{
            "model":"storagenetwork:request",
            "x":90,
            "y":270
        },
        "facing=down":{
            "model":"storagenetwork:request"
        },
        "facing=up":{
            "model":"storagenetwork:request",
            "x":180
        },
		"inventory": {
			"model": "storagenetwork:request",
			"transform": "forge:default-block"
		}
    }
}